Price,Close,High,Low,Open,Volume
Ticker,RELIANCE.NS,RELIANCE.NS,RELIANCE.NS,RELIANCE.NS,RELIANCE.NS
Datetime,,,,,
2025-06-03 03:45:00+00:00,1415.199951171875,1425.5999755859375,1408.9000244140625,1420.5,0
2025-06-03 04:45:00+00:00,1411.300048828125,1425.5,1411.0,1415.300048828125,1623910
2025-06-03 05:45:00+00:00,1419.800048828125,1421.5,1410.0,1411.300048828125,1011842
2025-06-03 06:45:00+00:00,1410.699951171875,1421.9000244140625,1408.199951171875,1419.800048828125,1379886
2025-06-03 07:45:00+00:00,1409.0,1412.199951171875,1406.800048828125,1410.300048828125,1634536
2025-06-03 08:45:00+00:00,1404.699951171875,1412.0999755859375,1404.300048828125,1409.0,2525442
2025-06-03 09:45:00+00:00,1405.4000244140625,1406.4000244140625,1403.4000244140625,1404.699951171875,1017752
2025-06-04 03:45:00+00:00,1408.0,1414.5999755859375,1406.0999755859375,1414.5999755859375,0
2025-06-04 04:45:00+00:00,1408.0,1411.0999755859375,1407.5,1408.199951171875,348300
2025-06-04 05:45:00+00:00,1413.0999755859375,1413.9000244140625,1407.199951171875,1408.0,851287
2025-06-04 06:45:00+00:00,1415.0999755859375,1415.800048828125,1409.9000244140625,1413.0,565460
2025-06-04 07:45:00+00:00,1418.4000244140625,1419.5999755859375,1413.800048828125,1415.0999755859375,615078
2025-06-04 08:45:00+00:00,1424.0,1425.5999755859375,1418.0,1418.4000244140625,2592129
2025-06-04 09:45:00+00:00,1421.0,1424.300048828125,1420.0999755859375,1423.9000244140625,889630
2025-06-05 03:45:00+00:00,1441.4000244140625,1444.5,1423.5999755859375,1425.5,3286632
2025-06-05 04:45:00+00:00,1443.4000244140625,1444.699951171875,1440.5999755859375,1441.4000244140625,1345091
2025-06-05 05:45:00+00:00,1452.0,1452.5,1442.0,1443.0,1811658
2025-06-05 06:45:00+00:00,1447.699951171875,1454.5999755859375,1446.4000244140625,1452.800048828125,1099142
2025-06-05 07:45:00+00:00,1442.9000244140625,1448.0,1441.699951171875,1447.0,1054563
2025-06-05 08:45:00+00:00,1442.5,1448.0,1440.800048828125,1442.5,3389776
2025-06-05 09:45:00+00:00,1442.699951171875,1444.300048828125,1440.800048828125,1442.4000244140625,1727153
2025-06-06 03:45:00+00:00,1445.9000244140625,1447.4000244140625,1437.0,1442.0999755859375,2514733
2025-06-06 04:45:00+00:00,1448.699951171875,1451.199951171875,1444.300048828125,1446.300048828125,1328774
2025-06-06 05:45:00+00:00,1447.199951171875,1451.0,1446.0,1449.0,960819
2025-06-06 06:45:00+00:00,1445.9000244140625,1448.0,1444.4000244140625,1447.0999755859375,695711
2025-06-06 07:45:00+00:00,1442.0999755859375,1446.0,1441.5,1445.5,840761
2025-06-06 08:45:00+00:00,1443.300048828125,1444.699951171875,1441.4000244140625,1442.199951171875,1120282
2025-06-06 09:45:00+00:00,1441.5999755859375,1444.300048828125,1441.5999755859375,1443.4000244140625,719773
2025-06-09 03:45:00+00:00,1446.800048828125,1456.0999755859375,1446.0999755859375,1454.0999755859375,0
2025-06-09 04:45:00+00:00,1451.199951171875,1451.4000244140625,1445.800048828125,1446.5999755859375,905741
2025-06-09 05:45:00+00:00,1452.0999755859375,1452.4000244140625,1448.0999755859375,1451.199951171875,1731566
2025-06-09 06:45:00+00:00,1447.800048828125,1453.0,1447.800048828125,1452.300048828125,714072
2025-06-09 07:45:00+00:00,1446.0,1449.0,1445.9000244140625,1447.9000244140625,747476
2025-06-09 08:45:00+00:00,1449.0999755859375,1449.699951171875,1445.300048828125,1446.199951171875,1382578
2025-06-09 09:45:00+00:00,1448.800048828125,1449.5,1447.0999755859375,1449.199951171875,0
2025-06-10 03:45:00+00:00,1450.9000244140625,1453.699951171875,1446.699951171875,1449.0,1285622
2025-06-10 04:45:00+00:00,1446.199951171875,1451.300048828125,1446.0,1450.800048828125,476000
2025-06-10 05:45:00+00:00,1442.800048828125,1448.300048828125,1442.5999755859375,1446.199951171875,640427
2025-06-10 06:45:00+00:00,1440.5999755859375,1445.0999755859375,1440.0999755859375,1442.9000244140625,695968
2025-06-10 07:45:00+00:00,1440.300048828125,1443.5,1440.0,1440.5999755859375,928636
2025-06-10 08:45:00+00:00,1438.199951171875,1442.5999755859375,1437.0999755859375,1440.300048828125,2614431
2025-06-10 09:45:00+00:00,1437.300048828125,1440.0,1436.0,1438.199951171875,1270498
2025-06-11 03:45:00+00:00,1457.4000244140625,1468.199951171875,1443.300048828125,1445.0,0
2025-06-11 04:45:00+00:00,1461.199951171875,1462.9000244140625,1453.800048828125,1456.800048828125,946773
2025-06-11 05:45:00+00:00,1462.199951171875,1464.300048828125,1461.0999755859375,1461.199951171875,554750
2025-06-11 06:45:00+00:00,1460.800048828125,1463.0,1460.4000244140625,1462.0999755859375,461686
2025-06-11 07:45:00+00:00,1451.9000244140625,1462.0,1451.0,1460.9000244140625,972984
2025-06-11 08:45:00+00:00,1448.9000244140625,1453.699951171875,1448.4000244140625,1452.0,1390291
2025-06-11 09:45:00+00:00,1448.199951171875,1449.0,1447.9000244140625,1449.0,713968
2025-06-12 03:45:00+00:00,1449.5,1457.0,1446.5,1453.0,1118119
2025-06-12 04:45:00+00:00,1449.199951171875,1452.199951171875,1445.0999755859375,1449.5,717112
2025-06-12 05:45:00+00:00,1449.5999755859375,1451.699951171875,1448.0999755859375,1449.199951171875,671748
2025-06-12 06:45:00+00:00,1450.5999755859375,1451.0,1446.199951171875,1449.4000244140625,428578
2025-06-12 07:45:00+00:00,1437.800048828125,1451.5,1434.4000244140625,1450.5999755859375,1250639
2025-06-12 08:45:00+00:00,1442.4000244140625,1445.0999755859375,1436.9000244140625,1437.800048828125,3444095
2025-06-12 09:45:00+00:00,1439.5,1442.4000244140625,1437.0999755859375,1442.4000244140625,1197536
2025-06-13 03:45:00+00:00,1417.300048828125,1428.800048828125,1414.4000244140625,1424.0,3370003
2025-06-13 04:45:00+00:00,1422.300048828125,1422.9000244140625,1416.800048828125,1417.300048828125,1753003
2025-06-13 05:45:00+00:00,1432.0,1434.0,1422.0,1422.300048828125,1040896
2025-06-13 06:45:00+00:00,1429.800048828125,1435.5,1428.800048828125,1432.0,711075
2025-06-13 07:45:00+00:00,1429.0,1431.699951171875,1428.0999755859375,1429.699951171875,575250
2025-06-13 08:45:00+00:00,1428.199951171875,1430.9000244140625,1425.300048828125,1429.0,1603671
2025-06-13 09:45:00+00:00,1427.5,1428.699951171875,1426.4000244140625,1428.0999755859375,702487
2025-06-16 03:45:00+00:00,1430.199951171875,1432.5,1425.199951171875,1426.5999755859375,0
2025-06-16 04:45:00+00:00,1438.5,1442.199951171875,1429.800048828125,1430.4000244140625,1650368
2025-06-16 05:45:00+00:00,1436.5,1439.699951171875,1434.0999755859375,1438.5999755859375,968299
2025-06-16 06:45:00+00:00,1438.199951171875,1441.5999755859375,1434.800048828125,1436.4000244140625,1112913
2025-06-16 07:45:00+00:00,1440.0,1441.800048828125,1436.9000244140625,1438.199951171875,951572
2025-06-16 08:45:00+00:00,1438.0,1440.9000244140625,1437.300048828125,1440.0,1439254
2025-06-16 09:45:00+00:00,1436.9000244140625,1439.0,1435.699951171875,1438.0,1066019
2025-06-17 03:45:00+00:00,1429.800048828125,1446.0,1429.5,1446.0,0
2025-06-17 04:45:00+00:00,1428.9000244140625,1431.5999755859375,1425.800048828125,1430.0,1602087
2025-06-17 05:45:00+00:00,1428.800048828125,1433.0,1428.300048828125,1428.9000244140625,602252
2025-06-17 06:45:00+00:00,1434.699951171875,1434.9000244140625,1428.5999755859375,1428.800048828125,825341
2025-06-17 07:45:00+00:00,1430.0999755859375,1435.800048828125,1430.0,1434.5,867365
2025-06-17 08:45:00+00:00,1430.5999755859375,1434.0,1429.199951171875,1430.0999755859375,2047974
2025-06-17 09:45:00+00:00,1430.0,1436.0,1427.199951171875,1430.5,2150259
2025-06-18 03:45:00+00:00,1437.699951171875,1442.800048828125,1428.300048828125,1429.9000244140625,1355668
2025-06-18 04:45:00+00:00,1431.800048828125,1438.699951171875,1429.9000244140625,1437.800048828125,825421
2025-06-18 05:45:00+00:00,1431.300048828125,1432.300048828125,1428.0,1431.800048828125,579106
2025-06-18 06:45:00+00:00,1427.199951171875,1431.4000244140625,1425.699951171875,1431.4000244140625,969359
2025-06-18 07:45:00+00:00,1428.4000244140625,1430.5999755859375,1427.0,1427.300048828125,755555
2025-06-18 08:45:00+00:00,1429.9000244140625,1430.800048828125,1427.199951171875,1428.5999755859375,1445183
2025-06-18 09:45:00+00:00,1429.800048828125,1432.699951171875,1429.4000244140625,1429.9000244140625,750146
2025-06-19 03:45:00+00:00,1430.699951171875,1434.5999755859375,1425.800048828125,1430.0,0
2025-06-19 04:45:00+00:00,1436.0,1436.5,1429.9000244140625,1430.699951171875,719719
2025-06-19 05:45:00+00:00,1434.800048828125,1437.0,1433.800048828125,1436.0,817935
2025-06-19 06:45:00+00:00,1434.4000244140625,1439.5,1434.300048828125,1435.0,1042698
2025-06-19 07:45:00+00:00,1437.0999755859375,1437.5999755859375,1431.0,1434.5999755859375,1231881
2025-06-19 08:45:00+00:00,1433.5,1439.9000244140625,1430.0,1437.0999755859375,3496374
2025-06-19 09:45:00+00:00,1427.800048828125,1436.5999755859375,1427.300048828125,1433.5,1606420
2025-06-20 03:45:00+00:00,1447.800048828125,1447.800048828125,1428.0999755859375,1431.199951171875,1387914
2025-06-20 04:45:00+00:00,1454.5999755859375,1458.9000244140625,1447.699951171875,1447.800048828125,2146183
2025-06-20 05:45:00+00:00,1451.300048828125,1455.800048828125,1450.699951171875,1454.699951171875,910831
2025-06-20 06:45:00+00:00,1451.699951171875,1453.0,1446.800048828125,1451.800048828125,787248
2025-06-20 07:45:00+00:00,1454.4000244140625,1455.699951171875,1451.5999755859375,1452.0,816868
2025-06-20 08:45:00+00:00,1467.199951171875,1468.0999755859375,1452.5,1454.4000244140625,12796866
2025-06-20 09:45:00+00:00,1464.0,1469.199951171875,1463.4000244140625,1467.199951171875,10142468
2025-06-23 03:45:00+00:00,1446.699951171875,1459.4000244140625,1442.0,1453.800048828125,0
2025-06-23 04:45:00+00:00,1452.199951171875,1452.5,1446.4000244140625,1446.699951171875,686840
2025-06-23 05:45:00+00:00,1453.4000244140625,1455.5,1451.0999755859375,1452.300048828125,970851
2025-06-23 06:45:00+00:00,1455.800048828125,1457.300048828125,1453.300048828125,1453.800048828125,545703
2025-06-23 07:45:00+00:00,1458.9000244140625,1463.199951171875,1455.5,1455.699951171875,812400
2025-06-23 08:45:00+00:00,1456.699951171875,1459.0,1454.199951171875,1459.0,862368
2025-06-23 09:45:00+00:00,1456.0,1457.0999755859375,1455.0999755859375,1456.4000244140625,429696
2025-06-24 03:45:00+00:00,1470.199951171875,1474.800048828125,1463.0,1463.5,2163532
2025-06-24 04:45:00+00:00,1469.199951171875,1471.9000244140625,1463.4000244140625,1470.4000244140625,963598
2025-06-24 05:45:00+00:00,1471.300048828125,1472.5,1469.0,1469.0999755859375,1303092
2025-06-24 06:45:00+00:00,1460.199951171875,1471.300048828125,1457.300048828125,1471.199951171875,1804200
2025-06-24 07:45:00+00:00,1449.300048828125,1461.800048828125,1445.5999755859375,1460.300048828125,2678589
2025-06-24 08:45:00+00:00,1452.4000244140625,1452.4000244140625,1443.300048828125,1449.9000244140625,5486147
2025-06-24 09:45:00+00:00,1450.800048828125,1457.5999755859375,1449.699951171875,1452.300048828125,0
2025-06-25 03:45:00+00:00,1466.300048828125,1468.800048828125,1461.800048828125,1461.800048828125,1592155
2025-06-25 04:45:00+00:00,1469.4000244140625,1472.4000244140625,1466.0999755859375,1466.300048828125,1095572
2025-06-25 05:45:00+00:00,1469.199951171875,1471.0,1468.199951171875,1469.199951171875,683177
2025-06-25 06:45:00+00:00,1467.699951171875,1470.0,1464.5999755859375,1469.199951171875,1001553
2025-06-25 07:45:00+00:00,1468.5,1469.699951171875,1466.5,1467.699951171875,813050
2025-06-25 08:45:00+00:00,1467.199951171875,1469.9000244140625,1464.5,1468.5,1684548
2025-06-25 09:45:00+00:00,1467.5999755859375,1468.5,1466.5999755859375,1467.0999755859375,654288
2025-06-26 03:45:00+00:00,1485.0,1488.0,1465.300048828125,1468.9000244140625,2942022
2025-06-26 04:45:00+00:00,1485.300048828125,1487.0,1480.5,1485.0,1357086
2025-06-26 05:45:00+00:00,1481.9000244140625,1486.0,1479.699951171875,1485.4000244140625,845763
2025-06-26 06:45:00+00:00,1484.199951171875,1487.5,1481.5999755859375,1482.0,1042730
2025-06-26 07:45:00+00:00,1495.0999755859375,1497.0,1484.0999755859375,1484.0999755859375,2167134
2025-06-26 08:45:00+00:00,1494.5999755859375,1498.300048828125,1487.5,1495.4000244140625,4609089
2025-06-26 09:45:00+00:00,1495.9000244140625,1497.0,1493.9000244140625,1494.5,1691721
2025-06-27 03:45:00+00:00,1501.199951171875,1508.5,1497.0,1497.5,0
2025-06-27 04:45:00+00:00,1509.9000244140625,1511.5999755859375,1500.0999755859375,1501.5,1697429
2025-06-27 05:45:00+00:00,1517.0,1517.0999755859375,1509.9000244140625,1510.0999755859375,1304855
2025-06-27 06:45:00+00:00,1517.5,1519.0,1516.199951171875,1517.0,857259
2025-06-27 07:45:00+00:00,1519.5,1521.699951171875,1516.5999755859375,1517.5,1394170
2025-06-27 08:45:00+00:00,1515.0,1520.300048828125,1514.800048828125,1519.9000244140625,2500020
2025-06-27 09:45:00+00:00,1514.0,1515.199951171875,1510.5999755859375,1515.0,1216251
2025-06-30 03:45:00+00:00,1523.9000244140625,1524.4000244140625,1506.5,1513.0,0
2025-06-30 04:45:00+00:00,1515.0,1524.800048828125,1512.4000244140625,1523.9000244140625,1086652
2025-06-30 05:45:00+00:00,1515.699951171875,1516.4000244140625,1512.0999755859375,1515.0,667527
2025-06-30 06:45:00+00:00,1504.800048828125,1515.800048828125,1504.0999755859375,1515.5,803392
2025-06-30 07:45:00+00:00,1498.9000244140625,1504.9000244140625,1498.199951171875,1504.800048828125,885713
2025-06-30 08:45:00+00:00,1500.9000244140625,1502.9000244140625,1496.199951171875,1498.699951171875,1636349
2025-06-30 09:45:00+00:00,1499.9000244140625,1501.0,1499.0,1501.0,872502
2025-07-01 03:45:00+00:00,1513.0,1521.0,1501.699951171875,1505.699951171875,0
2025-07-01 04:45:00+00:00,1521.4000244140625,1523.0,1511.199951171875,1512.800048828125,1291966
2025-07-01 05:45:00+00:00,1523.0,1525.0,1518.199951171875,1521.699951171875,1176092
2025-07-01 06:45:00+00:00,1527.9000244140625,1531.4000244140625,1522.5,1522.800048828125,1672622
2025-07-01 07:45:00+00:00,1530.9000244140625,1530.9000244140625,1526.300048828125,1527.5999755859375,902954
2025-07-01 08:45:00+00:00,1527.9000244140625,1530.9000244140625,1523.5999755859375,1530.800048828125,1987988
2025-07-01 09:45:00+00:00,1526.800048828125,1529.800048828125,1526.0999755859375,1528.0,1140125
2025-07-02 03:45:00+00:00,1521.4000244140625,1529.9000244140625,1518.0,1529.0,1231690
2025-07-02 04:45:00+00:00,1519.199951171875,1524.699951171875,1519.0999755859375,1521.5,738290
2025-07-02 05:45:00+00:00,1518.300048828125,1520.0,1514.199951171875,1519.199951171875,890480
2025-07-02 06:45:00+00:00,1513.5,1518.9000244140625,1511.199951171875,1518.4000244140625,646662
2025-07-02 07:45:00+00:00,1512.300048828125,1513.9000244140625,1508.800048828125,1513.5999755859375,648881
2025-07-02 08:45:00+00:00,1518.300048828125,1521.199951171875,1510.5,1512.699951171875,1610323
2025-07-02 09:45:00+00:00,1517.0999755859375,1519.5999755859375,1515.800048828125,1518.300048828125,591600
2025-07-03 03:45:00+00:00,1523.9000244140625,1526.0,1513.0,1522.4000244140625,1627969
2025-07-03 04:45:00+00:00,1530.0,1530.0,1522.0999755859375,1523.5,779040
2025-07-03 05:45:00+00:00,1527.9000244140625,1531.199951171875,1526.0,1529.800048828125,994808
2025-07-03 06:45:00+00:00,1525.9000244140625,1528.0999755859375,1525.0,1527.800048828125,374931
2025-07-03 07:45:00+00:00,1526.9000244140625,1531.9000244140625,1525.0,1525.9000244140625,694138
2025-07-03 08:45:00+00:00,1514.800048828125,1527.300048828125,1513.0999755859375,1527.0,4306522
2025-07-03 09:45:00+00:00,1515.0,1522.300048828125,1514.4000244140625,1515.0,2504815
2025-07-04 03:45:00+00:00,1522.199951171875,1525.300048828125,1517.800048828125,1522.9000244140625,1778240
2025-07-04 04:45:00+00:00,1525.0,1528.5999755859375,1520.0,1522.199951171875,894163
2025-07-04 05:45:00+00:00,1523.9000244140625,1526.0,1517.9000244140625,1525.0,1018030
2025-07-04 06:45:00+00:00,1519.800048828125,1523.9000244140625,1518.9000244140625,1523.9000244140625,403843
2025-07-04 07:45:00+00:00,1522.0,1523.5,1518.0999755859375,1519.800048828125,558623
2025-07-04 08:45:00+00:00,1527.5,1527.699951171875,1520.5999755859375,1522.0,1249813
2025-07-04 09:45:00+00:00,1528.0,1530.0,1526.199951171875,1527.5,697414
2025-07-07 03:45:00+00:00,1535.0,1539.5,1525.5,1527.5999755859375,0
2025-07-07 04:45:00+00:00,1536.199951171875,1539.4000244140625,1534.699951171875,1534.9000244140625,859094
2025-07-07 05:45:00+00:00,1535.5,1538.699951171875,1533.9000244140625,1536.300048828125,519926
2025-07-07 06:45:00+00:00,1541.5,1542.0,1534.300048828125,1535.5999755859375,1018571
2025-07-07 07:45:00+00:00,1542.800048828125,1544.5999755859375,1539.9000244140625,1541.5,1025298
2025-07-07 08:45:00+00:00,1542.300048828125,1543.699951171875,1538.5999755859375,1542.800048828125,1780679
2025-07-07 09:45:00+00:00,1540.5,1542.5,1539.199951171875,1542.4000244140625,736191
2025-07-08 03:45:00+00:00,1536.5,1541.0,1534.699951171875,1537.9000244140625,1022047
2025-07-08 04:45:00+00:00,1539.0,1539.9000244140625,1533.0999755859375,1536.5,730091
2025-07-08 05:45:00+00:00,1539.800048828125,1543.0999755859375,1537.800048828125,1539.0,553976
2025-07-08 06:45:00+00:00,1533.199951171875,1540.199951171875,1531.800048828125,1539.800048828125,923422
2025-07-08 07:45:00+00:00,1532.9000244140625,1535.800048828125,1530.199951171875,1533.4000244140625,728298
2025-07-08 08:45:00+00:00,1539.0,1540.0,1530.800048828125,1532.9000244140625,2043941
2025-07-08 09:45:00+00:00,1539.5,1544.4000244140625,1537.199951171875,1538.9000244140625,1167769
2025-07-09 03:45:00+00:00,1543.5999755859375,1545.699951171875,1534.300048828125,1535.699951171875,1125407
2025-07-09 04:45:00+00:00,1546.699951171875,1547.5,1542.0,1543.800048828125,536783
2025-07-09 05:45:00+00:00,1549.5,1549.5,1544.199951171875,1546.699951171875,706796
2025-07-09 06:45:00+00:00,1546.5999755859375,1551.0,1543.699951171875,1549.5,1130864
2025-07-09 07:45:00+00:00,1549.800048828125,1550.0,1545.300048828125,1546.5999755859375,841409
2025-07-09 08:45:00+00:00,1519.300048828125,1549.9000244140625,1510.0999755859375,1549.800048828125,3654174
2025-07-09 09:45:00+00:00,1519.0,1522.0,1517.0999755859375,1519.0999755859375,873299
2025-07-10 03:45:00+00:00,1515.0,1524.4000244140625,1514.0,1521.699951171875,0
2025-07-10 04:45:00+00:00,1510.0,1516.0,1508.199951171875,1515.199951171875,769370
2025-07-10 05:45:00+00:00,1508.0999755859375,1512.5999755859375,1507.5999755859375,1510.0,524650
2025-07-10 06:45:00+00:00,1516.0999755859375,1518.4000244140625,1507.5999755859375,1508.0,914329
2025-07-10 07:45:00+00:00,1517.199951171875,1519.800048828125,1513.9000244140625,1516.0999755859375,1167110
2025-07-10 08:45:00+00:00,1517.800048828125,1521.0999755859375,1513.300048828125,1517.0999755859375,3908690
2025-07-10 09:45:00+00:00,1515.300048828125,1520.0999755859375,1514.699951171875,1517.800048828125,1336826
2025-07-11 03:45:00+00:00,1498.199951171875,1514.0,1497.5,1512.199951171875,1063691
2025-07-11 04:45:00+00:00,1495.4000244140625,1499.4000244140625,1492.0,1498.199951171875,1019456
2025-07-11 05:45:00+00:00,1493.5,1495.5,1490.300048828125,1495.4000244140625,958440
2025-07-11 06:45:00+00:00,1492.800048828125,1495.699951171875,1491.9000244140625,1493.5,597280
2025-07-11 07:45:00+00:00,1494.0999755859375,1495.0999755859375,1492.0999755859375,1492.800048828125,594079
2025-07-11 08:45:00+00:00,1495.4000244140625,1498.0,1492.300048828125,1494.0999755859375,1851919
2025-07-11 09:45:00+00:00,1494.0,1495.4000244140625,1493.300048828125,1495.4000244140625,1148626
2025-07-14 03:45:00+00:00,1498.0,1500.0,1487.800048828125,1492.4000244140625,0
2025-07-14 04:45:00+00:00,1493.800048828125,1498.699951171875,1491.199951171875,1498.199951171875,1593283
2025-07-14 05:45:00+00:00,1487.4000244140625,1493.800048828125,1483.800048828125,1493.800048828125,1431107
2025-07-14 06:45:00+00:00,1483.300048828125,1488.0999755859375,1482.5,1487.4000244140625,804983
2025-07-14 07:45:00+00:00,1482.5999755859375,1486.4000244140625,1479.5,1483.300048828125,870572
2025-07-14 08:45:00+00:00,1483.4000244140625,1487.4000244140625,1480.9000244140625,1482.5999755859375,2561556
2025-07-14 09:45:00+00:00,1485.5999755859375,1486.9000244140625,1482.800048828125,1483.300048828125,1247907
2025-07-15 03:45:00+00:00,1489.0,1494.0,1486.5,1487.0999755859375,0
2025-07-15 04:45:00+00:00,1493.4000244140625,1496.5,1484.5999755859375,1489.0,998308
2025-07-15 05:45:00+00:00,1492.699951171875,1494.5,1490.0,1493.699951171875,953861
2025-07-15 06:45:00+00:00,1489.199951171875,1493.0999755859375,1489.0999755859375,1492.5,659118
2025-07-15 07:45:00+00:00,1487.4000244140625,1489.4000244140625,1486.699951171875,1489.0,707706
2025-07-15 08:45:00+00:00,1487.0999755859375,1488.699951171875,1482.5,1487.300048828125,2926346
2025-07-15 09:45:00+00:00,1488.5,1489.699951171875,1486.4000244140625,1487.199951171875,970307
2025-07-16 03:45:00+00:00,1475.699951171875,1481.0999755859375,1471.800048828125,1477.0,2037851
2025-07-16 04:45:00+00:00,1479.9000244140625,1481.5,1475.0,1475.800048828125,1406622
2025-07-16 05:45:00+00:00,1483.0,1483.699951171875,1476.5,1480.0,1068791
2025-07-16 06:45:00+00:00,1480.699951171875,1485.4000244140625,1479.9000244140625,1483.300048828125,1582096
2025-07-16 07:45:00+00:00,1485.0,1485.0,1479.4000244140625,1480.699951171875,916879
2025-07-16 08:45:00+00:00,1485.0999755859375,1491.0,1484.0,1485.0,2443017
2025-07-16 09:45:00+00:00,1486.199951171875,1486.800048828125,1484.4000244140625,1485.4000244140625,954274
2025-07-17 03:45:00+00:00,1479.9000244140625,1487.4000244140625,1479.4000244140625,1487.4000244140625,0
2025-07-17 04:45:00+00:00,1481.800048828125,1483.199951171875,1477.4000244140625,1479.9000244140625,1496400
2025-07-17 05:45:00+00:00,1482.699951171875,1485.5999755859375,1481.300048828125,1481.800048828125,981271
2025-07-17 06:45:00+00:00,1481.800048828125,1486.0,1481.800048828125,1482.699951171875,1100321
2025-07-17 07:45:00+00:00,1479.0,1483.0,1478.5999755859375,1482.199951171875,2542437
2025-07-17 08:45:00+00:00,1478.0999755859375,1480.5999755859375,1474.0,1479.0,3564684
2025-07-17 09:45:00+00:00,1478.699951171875,1479.199951171875,1476.5999755859375,1477.9000244140625,778773
2025-07-18 03:45:00+00:00,1477.0,1484.4000244140625,1475.0999755859375,1483.699951171875,1307922
2025-07-18 04:45:00+00:00,1471.300048828125,1476.5999755859375,1469.0999755859375,1476.5999755859375,687781
2025-07-18 05:45:00+00:00,1470.800048828125,1473.5999755859375,1469.199951171875,1471.300048828125,625496
2025-07-18 06:45:00+00:00,1473.9000244140625,1475.800048828125,1469.5,1470.699951171875,949068
2025-07-18 07:45:00+00:00,1474.800048828125,1477.5,1472.4000244140625,1474.0,1675412
2025-07-18 08:45:00+00:00,1477.0999755859375,1478.9000244140625,1473.300048828125,1474.800048828125,3427044
2025-07-18 09:45:00+00:00,1476.0,1482.0,1474.4000244140625,1477.5,1621894
2025-07-21 03:45:00+00:00,1446.9000244140625,1465.5999755859375,1437.0,1465.5999755859375,0
2025-07-21 04:45:00+00:00,1445.5,1447.300048828125,1442.5,1446.9000244140625,1766112
2025-07-21 05:45:00+00:00,1437.699951171875,1446.0,1437.0999755859375,1445.5,1647875
2025-07-21 06:45:00+00:00,1429.699951171875,1438.0,1428.199951171875,1437.9000244140625,3537424
2025-07-21 07:45:00+00:00,1425.0999755859375,1429.0999755859375,1423.0999755859375,1429.0999755859375,2448936
2025-07-21 08:45:00+00:00,1429.5999755859375,1429.5999755859375,1424.0999755859375,1425.0,5186539
2025-07-21 09:45:00+00:00,1429.0,1430.699951171875,1427.699951171875,1429.5999755859375,2547730
2025-07-22 03:45:00+00:00,1422.9000244140625,1431.9000244140625,1418.5999755859375,1425.800048828125,0
2025-07-22 04:45:00+00:00,1414.699951171875,1423.800048828125,1414.0,1422.9000244140625,3018766
2025-07-22 05:45:00+00:00,1413.0999755859375,1416.5,1410.699951171875,1414.699951171875,2318245
2025-07-22 06:45:00+00:00,1416.0999755859375,1417.699951171875,1412.5999755859375,1413.199951171875,2319891
2025-07-22 07:45:00+00:00,1416.4000244140625,1420.5,1414.199951171875,1416.0999755859375,1894383
2025-07-22 08:45:00+00:00,1412.5999755859375,1417.0999755859375,1411.0,1416.300048828125,3869565
2025-07-22 09:45:00+00:00,1413.800048828125,1414.699951171875,1412.300048828125,1412.5999755859375,2371798
2025-07-23 03:45:00+00:00,1418.4000244140625,1424.5999755859375,1414.4000244140625,1424.5999755859375,0
2025-07-23 04:45:00+00:00,1417.4000244140625,1421.300048828125,1415.5,1418.4000244140625,704050
2025-07-23 05:45:00+00:00,1421.300048828125,1421.9000244140625,1416.5999755859375,1417.5,879357
2025-07-23 06:45:00+00:00,1418.5999755859375,1422.4000244140625,1418.300048828125,1421.0999755859375,599878
2025-07-23 07:45:00+00:00,1423.0,1423.4000244140625,1418.0,1418.699951171875,898336
2025-07-23 08:45:00+00:00,1425.199951171875,1425.300048828125,1418.800048828125,1423.0999755859375,2197035
2025-07-23 09:45:00+00:00,1425.0,1426.0,1424.0999755859375,1425.0999755859375,941310
2025-07-24 03:45:00+00:00,1414.800048828125,1422.4000244140625,1413.9000244140625,1420.4000244140625,2457892
2025-07-24 04:45:00+00:00,1413.0999755859375,1417.800048828125,1412.300048828125,1414.800048828125,1348277
2025-07-24 05:45:00+00:00,1401.5,1411.5,1396.5,1411.5,2912994
2025-07-24 06:45:00+00:00,1404.199951171875,1404.9000244140625,1400.199951171875,1401.5,1253187
2025-07-24 07:45:00+00:00,1407.0999755859375,1408.300048828125,1402.0999755859375,1404.0999755859375,1444742
2025-07-24 08:45:00+00:00,1402.800048828125,1409.300048828125,1401.5999755859375,1407.0999755859375,4036810
2025-07-24 09:45:00+00:00,1402.800048828125,1403.199951171875,1401.699951171875,1402.800048828125,1282863
2025-07-25 03:45:00+00:00,1389.5999755859375,1400.699951171875,1389.199951171875,1398.199951171875,3983638
2025-07-25 04:45:00+00:00,1393.800048828125,1394.5,1384.5,1389.0999755859375,1744451
2025-07-25 05:45:00+00:00,1397.0,1399.199951171875,1392.5,1393.800048828125,1058406
2025-07-25 06:45:00+00:00,1396.5,1400.5999755859375,1395.0,1397.0,1070027
2025-07-25 07:45:00+00:00,1394.5,1397.4000244140625,1391.0,1396.5,1083307
2025-07-25 08:45:00+00:00,1392.0999755859375,1395.9000244140625,1391.5,1394.699951171875,1808501
2025-07-25 09:45:00+00:00,1391.0,1393.300048828125,1390.300048828125,1392.0999755859375,1105133
2025-07-28 03:45:00+00:00,1399.0,1400.5,1385.4000244140625,1392.300048828125,0
2025-07-28 04:45:00+00:00,1400.9000244140625,1407.5,1398.0,1399.0999755859375,1131377
2025-07-28 05:45:00+00:00,1399.300048828125,1404.0,1398.300048828125,1400.9000244140625,618806
2025-07-28 06:45:00+00:00,1393.0999755859375,1400.800048828125,1392.5999755859375,1399.699951171875,865297
2025-07-28 07:45:00+00:00,1392.5,1395.0,1390.0999755859375,1393.199951171875,834003
2025-07-28 08:45:00+00:00,1385.800048828125,1395.4000244140625,1385.699951171875,1392.5999755859375,1476850
2025-07-28 09:45:00+00:00,1388.0,1389.0,1385.0,1385.800048828125,1045208
2025-07-29 03:45:00+00:00,1395.800048828125,1401.5999755859375,1386.9000244140625,1387.0,2583785
2025-07-29 04:45:00+00:00,1391.4000244140625,1396.300048828125,1390.699951171875,1395.800048828125,1030357
2025-07-29 05:45:00+00:00,1394.5,1397.699951171875,1391.300048828125,1391.5999755859375,1042628
2025-07-29 06:45:00+00:00,1394.0,1395.0,1391.0,1395.0,586804
2025-07-29 07:45:00+00:00,1400.5,1403.300048828125,1393.199951171875,1394.0,1188207
2025-07-29 08:45:00+00:00,1415.9000244140625,1418.800048828125,1400.0,1400.5,2837863
2025-07-29 09:45:00+00:00,1417.0999755859375,1420.0,1414.9000244140625,1415.9000244140625,1398357
2025-07-30 03:45:00+00:00,1408.300048828125,1422.5,1407.0999755859375,1418.5,0
2025-07-30 04:45:00+00:00,1409.300048828125,1410.300048828125,1401.4000244140625,1408.300048828125,1047095
2025-07-30 05:45:00+00:00,1409.199951171875,1416.4000244140625,1408.5999755859375,1409.4000244140625,1036396
2025-07-30 06:45:00+00:00,1411.199951171875,1414.5999755859375,1408.699951171875,1409.0,724238
2025-07-30 07:45:00+00:00,1413.699951171875,1415.300048828125,1409.0,1411.199951171875,838718
2025-07-30 08:45:00+00:00,1409.199951171875,1415.4000244140625,1408.0,1413.699951171875,1526272
2025-07-30 09:45:00+00:00,1411.0,1412.0999755859375,1408.300048828125,1409.300048828125,683693
2025-07-31 03:45:00+00:00,1387.800048828125,1391.5,1384.5,1387.0,0
2025-07-31 04:45:00+00:00,1392.9000244140625,1396.0,1385.199951171875,1387.699951171875,2027501
2025-07-31 05:45:00+00:00,1394.699951171875,1396.5999755859375,1390.699951171875,1392.9000244140625,2603731
2025-07-31 06:45:00+00:00,1399.699951171875,1402.5,1394.5999755859375,1394.800048828125,1160680
2025-07-31 07:45:00+00:00,1396.199951171875,1401.4000244140625,1396.199951171875,1399.699951171875,2270621
2025-07-31 08:45:00+00:00,1389.9000244140625,1397.4000244140625,1388.300048828125,1396.5,3935727
2025-07-31 09:45:00+00:00,1391.0,1391.4000244140625,1388.5999755859375,1389.800048828125,1788993
2025-08-01 03:45:00+00:00,1401.4000244140625,1402.9000244140625,1384.9000244140625,1387.0,2483388
2025-08-01 04:45:00+00:00,1399.800048828125,1405.5,1398.0,1401.4000244140625,1087847
2025-08-01 05:45:00+00:00,1400.0,1401.300048828125,1394.5,1399.9000244140625,1429428
2025-08-01 06:45:00+00:00,1400.4000244140625,1404.5,1397.5,1400.0,1292149
2025-08-01 07:45:00+00:00,1399.699951171875,1404.199951171875,1398.5,1400.5,1167527
2025-08-01 08:45:00+00:00,1392.0999755859375,1402.5,1390.0,1399.699951171875,1807273
2025-08-01 09:45:00+00:00,1394.0999755859375,1395.5999755859375,1391.9000244140625,1392.0999755859375,1052980
2025-08-04 03:45:00+00:00,1408.800048828125,1409.5,1392.4000244140625,1395.699951171875,0
2025-08-04 04:45:00+00:00,1413.300048828125,1414.0999755859375,1408.0,1408.800048828125,899618
2025-08-04 05:45:00+00:00,1414.0999755859375,1414.300048828125,1409.699951171875,1413.300048828125,565741
2025-08-04 06:45:00+00:00,1412.800048828125,1416.0999755859375,1412.0999755859375,1414.199951171875,866222
2025-08-04 07:45:00+00:00,1414.800048828125,1415.9000244140625,1409.5,1412.9000244140625,739208
2025-08-04 08:45:00+00:00,1410.9000244140625,1415.5,1409.5,1415.199951171875,1362468
2025-08-04 09:45:00+00:00,1410.4000244140625,1412.4000244140625,1410.300048828125,1410.9000244140625,606272
2025-08-05 03:45:00+00:00,1397.199951171875,1411.0,1396.0,1410.800048828125,0
2025-08-05 04:45:00+00:00,1397.5,1400.0,1394.300048828125,1397.199951171875,1184353
2025-08-05 05:45:00+00:00,1396.4000244140625,1398.300048828125,1393.0,1397.5,894236
2025-08-05 06:45:00+00:00,1392.199951171875,1396.800048828125,1391.5,1396.300048828125,934635
2025-08-05 07:45:00+00:00,1390.5999755859375,1392.5999755859375,1389.0,1392.5,927652
2025-08-05 08:45:00+00:00,1393.0999755859375,1394.4000244140625,1388.0999755859375,1390.5999755859375,2284465
2025-08-05 09:45:00+00:00,1391.699951171875,1393.800048828125,1388.199951171875,1393.0999755859375,0
2025-08-06 03:45:00+00:00,1389.5999755859375,1391.9000244140625,1383.300048828125,1390.699951171875,1154271
2025-08-06 04:45:00+00:00,1390.0,1393.300048828125,1386.5999755859375,1389.5999755859375,585139
2025-08-06 05:45:00+00:00,1390.9000244140625,1393.5999755859375,1389.300048828125,1390.0,634893
2025-08-06 06:45:00+00:00,1390.800048828125,1393.0,1386.4000244140625,1390.9000244140625,550443
2025-08-06 07:45:00+00:00,1390.0,1391.9000244140625,1386.5,1390.800048828125,757778
2025-08-06 08:45:00+00:00,1393.0,1395.9000244140625,1389.800048828125,1390.0,1490751
2025-08-06 09:45:00+00:00,1392.9000244140625,1393.699951171875,1390.800048828125,1393.0999755859375,660127
2025-08-07 03:45:00+00:00,1382.300048828125,1390.0,1382.0999755859375,1390.0,958844
2025-08-07 04:45:00+00:00,1379.5,1383.199951171875,1376.5,1382.300048828125,1201766
2025-08-07 05:45:00+00:00,1380.4000244140625,1381.5999755859375,1378.300048828125,1379.199951171875,1321446
2025-08-07 06:45:00+00:00,1371.4000244140625,1381.4000244140625,1370.0,1380.5999755859375,1092546
2025-08-07 07:45:00+00:00,1376.5,1377.199951171875,1366.5999755859375,1371.4000244140625,1420761
2025-08-07 08:45:00+00:00,1388.0999755859375,1392.9000244140625,1375.5999755859375,1376.4000244140625,2890898
2025-08-07 09:45:00+00:00,1389.4000244140625,1393.699951171875,1387.300048828125,1388.0999755859375,0
2025-08-08 03:45:00+00:00,1383.300048828125,1396.5,1381.300048828125,1385.0,1329410
2025-08-08 04:45:00+00:00,1374.0999755859375,1384.9000244140625,1369.699951171875,1383.199951171875,1661519
2025-08-08 05:45:00+00:00,1373.199951171875,1377.699951171875,1371.4000244140625,1374.0999755859375,999658
2025-08-08 06:45:00+00:00,1374.300048828125,1378.5,1371.4000244140625,1372.9000244140625,882035
2025-08-08 07:45:00+00:00,1372.5999755859375,1376.699951171875,1370.699951171875,1374.199951171875,960127
2025-08-08 08:45:00+00:00,1366.5,1375.5999755859375,1365.699951171875,1372.199951171875,2041580
2025-08-08 09:45:00+00:00,1366.199951171875,1368.5,1365.699951171875,1366.5,915696
2025-08-11 03:45:00+00:00,1368.699951171875,1373.4000244140625,1361.699951171875,1369.9000244140625,0
2025-08-11 04:45:00+00:00,1367.4000244140625,1372.0,1365.4000244140625,1368.699951171875,817151
2025-08-11 05:45:00+00:00,1377.0,1377.699951171875,1365.5,1367.4000244140625,1583233
2025-08-11 06:45:00+00:00,1374.199951171875,1377.4000244140625,1370.9000244140625,1377.0,1031967
2025-08-11 07:45:00+00:00,1378.699951171875,1380.800048828125,1371.9000244140625,1374.199951171875,1714513
2025-08-11 08:45:00+00:00,1386.199951171875,1388.0,1378.0,1379.0999755859375,2602657
2025-08-11 09:45:00+00:00,1384.699951171875,1386.300048828125,1383.0,1386.199951171875,774785
2025-08-12 03:45:00+00:00,1397.199951171875,1401.5999755859375,1378.9000244140625,1381.5999755859375,1909276
2025-08-12 04:45:00+00:00,1385.199951171875,1398.199951171875,1385.0,1397.0999755859375,762934
2025-08-12 05:45:00+00:00,1385.0,1390.300048828125,1382.699951171875,1385.199951171875,3074609
2025-08-12 06:45:00+00:00,1389.699951171875,1394.9000244140625,1384.699951171875,1385.0,1221544
2025-08-12 07:45:00+00:00,1381.0999755859375,1389.800048828125,1379.5,1389.5999755859375,1514084
2025-08-12 08:45:00+00:00,1381.4000244140625,1382.5,1375.4000244140625,1380.800048828125,2796289
2025-08-12 09:45:00+00:00,1380.0,1382.5,1380.0,1381.4000244140625,964964
2025-08-13 03:45:00+00:00,1385.300048828125,1391.800048828125,1383.300048828125,1387.199951171875,1413665
2025-08-13 04:45:00+00:00,1383.5,1387.199951171875,1381.5,1385.4000244140625,891175
2025-08-13 05:45:00+00:00,1380.0,1383.9000244140625,1377.5999755859375,1383.199951171875,996080
2025-08-13 06:45:00+00:00,1385.0999755859375,1387.300048828125,1378.5999755859375,1380.0,994746
2025-08-13 07:45:00+00:00,1388.300048828125,1389.4000244140625,1381.4000244140625,1385.199951171875,694926
2025-08-13 08:45:00+00:00,1382.4000244140625,1388.4000244140625,1381.5,1388.4000244140625,1589881
2025-08-13 09:45:00+00:00,1384.0,1384.9000244140625,1382.0,1382.300048828125,874113
2025-08-14 03:45:00+00:00,1374.9000244140625,1380.699951171875,1374.0999755859375,1377.300048828125,920995
2025-08-14 04:45:00+00:00,1377.9000244140625,1378.5,1374.0,1374.9000244140625,818135
2025-08-14 05:45:00+00:00,1374.5999755859375,1378.5,1372.699951171875,1377.699951171875,770401
2025-08-14 06:45:00+00:00,1375.9000244140625,1377.5,1373.5999755859375,1375.0999755859375,728676
2025-08-14 07:45:00+00:00,1374.5,1377.5,1373.800048828125,1376.0,922088
2025-08-14 08:45:00+00:00,1373.9000244140625,1376.9000244140625,1370.5999755859375,1374.5,2243914
2025-08-14 09:45:00+00:00,1372.4000244140625,1373.9000244140625,1371.199951171875,1373.9000244140625,719984
2025-08-18 03:45:00+00:00,1387.5,1394.9000244140625,1382.699951171875,1388.300048828125,0
2025-08-18 04:45:00+00:00,1386.699951171875,1388.4000244140625,1385.0,1387.5,900820
2025-08-18 05:45:00+00:00,1378.0999755859375,1387.800048828125,1377.800048828125,1386.5999755859375,2218006
2025-08-18 06:45:00+00:00,1385.4000244140625,1385.5,1377.0,1378.199951171875,1645249
2025-08-18 07:45:00+00:00,1385.0,1386.5999755859375,1382.699951171875,1385.5,881069
2025-08-18 08:45:00+00:00,1381.0,1385.9000244140625,1379.800048828125,1385.0,2401772
2025-08-18 09:45:00+00:00,1384.0,1384.5,1380.9000244140625,1381.0,988238
2025-08-19 03:45:00+00:00,1413.300048828125,1413.4000244140625,1394.300048828125,1398.300048828125,0
2025-08-19 04:45:00+00:00,1409.9000244140625,1414.4000244140625,1409.0999755859375,1413.300048828125,1527882
2025-08-19 05:45:00+00:00,1412.800048828125,1413.0,1407.0999755859375,1409.9000244140625,1410163
2025-08-19 06:45:00+00:00,1413.5999755859375,1418.300048828125,1412.199951171875,1412.9000244140625,1910365
2025-08-19 07:45:00+00:00,1415.0999755859375,1417.9000244140625,1413.5,1413.5999755859375,1606837
2025-08-19 08:45:00+00:00,1419.5,1420.699951171875,1414.4000244140625,1415.199951171875,2665979
2025-08-19 09:45:00+00:00,1421.0,1421.0,1419.4000244140625,1419.5,1201805
2025-08-20 03:45:00+00:00,1420.0999755859375,1423.0,1411.5,1415.4000244140625,1683969
2025-08-20 04:45:00+00:00,1422.9000244140625,1424.5,1420.0,1420.0,1603018
2025-08-20 05:45:00+00:00,1421.300048828125,1423.0,1416.9000244140625,1423.0,1284090
2025-08-20 06:45:00+00:00,1420.199951171875,1422.4000244140625,1419.0,1421.199951171875,785365
2025-08-20 07:45:00+00:00,1420.0999755859375,1422.300048828125,1416.9000244140625,1420.199951171875,1030564
2025-08-20 08:45:00+00:00,1412.800048828125,1420.0999755859375,1412.699951171875,1420.0,1657369
2025-08-20 09:45:00+00:00,1411.300048828125,1418.300048828125,1410.300048828125,1412.9000244140625,679583
2025-08-21 03:45:00+00:00,1429.800048828125,1431.9000244140625,1421.0,1422.300048828125,2965309
2025-08-21 04:45:00+00:00,1427.5999755859375,1431.0,1426.0,1429.800048828125,1685079
2025-08-21 05:45:00+00:00,1426.0999755859375,1429.5999755859375,1425.0,1427.5999755859375,1142351
2025-08-21 06:45:00+00:00,1428.9000244140625,1429.800048828125,1424.5,1426.0999755859375,1243164
2025-08-21 07:45:00+00:00,1430.0,1430.800048828125,1426.300048828125,1428.800048828125,1466125
2025-08-21 08:45:00+00:00,1424.300048828125,1430.9000244140625,1423.800048828125,1429.9000244140625,1743270
2025-08-21 09:45:00+00:00,1424.5,1425.800048828125,1421.5999755859375,1424.199951171875,772988
2025-08-22 03:45:00+00:00,1420.699951171875,1422.9000244140625,1415.0999755859375,1422.0,1145268
2025-08-22 04:45:00+00:00,1414.4000244140625,1420.5999755859375,1413.0999755859375,1420.4000244140625,843105
2025-08-22 05:45:00+00:00,1413.5999755859375,1416.9000244140625,1413.0,1414.4000244140625,970190
2025-08-22 06:45:00+00:00,1413.300048828125,1414.0,1411.199951171875,1413.9000244140625,579335
2025-08-22 07:45:00+00:00,1414.4000244140625,1416.5,1413.0999755859375,1413.199951171875,440580
2025-08-22 08:45:00+00:00,1408.9000244140625,1415.0,1408.0,1414.4000244140625,1217956
2025-08-22 09:45:00+00:00,1410.0,1410.0999755859375,1408.9000244140625,1408.9000244140625,620954
2025-08-25 03:45:00+00:00,1408.5,1416.800048828125,1405.800048828125,1412.0,0
2025-08-25 04:45:00+00:00,1411.0999755859375,1413.9000244140625,1406.5999755859375,1408.699951171875,748632
2025-08-25 05:45:00+00:00,1410.0,1412.0,1407.5999755859375,1411.199951171875,930481
2025-08-25 06:45:00+00:00,1416.0999755859375,1416.5,1408.4000244140625,1410.0999755859375,730366
2025-08-25 07:45:00+00:00,1415.5,1419.5,1414.5,1416.5,717137
2025-08-25 08:45:00+00:00,1410.199951171875,1417.300048828125,1409.699951171875,1415.5,1042078
2025-08-25 09:45:00+00:00,1412.5999755859375,1415.5,1410.199951171875,1410.300048828125,0
2025-08-26 03:45:00+00:00,1402.199951171875,1409.9000244140625,1398.5,1408.300048828125,1442846
2025-08-26 04:45:00+00:00,1398.699951171875,1403.699951171875,1396.199951171875,1402.4000244140625,535347
2025-08-26 05:45:00+00:00,1395.5,1400.5999755859375,1395.0999755859375,1398.699951171875,582667
2025-08-26 06:45:00+00:00,1394.5999755859375,1397.699951171875,1393.0999755859375,1395.4000244140625,804638
2025-08-26 07:45:00+00:00,1392.5,1396.800048828125,1391.5,1394.5999755859375,1378238
2025-08-26 08:45:00+00:00,1384.0999755859375,1394.699951171875,1382.9000244140625,1392.4000244140625,4262436
2025-08-26 09:45:00+00:00,1384.0,1385.0,1382.0,1384.4000244140625,3133942
2025-08-28 03:45:00+00:00,1381.0,1387.300048828125,1366.9000244140625,1387.300048828125,0
2025-08-28 04:45:00+00:00,1383.4000244140625,1387.5,1379.300048828125,1380.699951171875,2025649
2025-08-28 05:45:00+00:00,1380.800048828125,1383.4000244140625,1377.5,1383.4000244140625,1197111
2025-08-28 06:45:00+00:00,1376.699951171875,1380.800048828125,1374.9000244140625,1380.699951171875,1023896
2025-08-28 07:45:00+00:00,1381.0,1381.300048828125,1373.5,1376.5999755859375,1335701
2025-08-28 08:45:00+00:00,1389.0,1389.0,1377.199951171875,1380.4000244140625,3150743
2025-08-28 09:45:00+00:00,1385.9000244140625,1392.199951171875,1385.9000244140625,1389.0,0
2025-08-29 03:45:00+00:00,1384.300048828125,1396.5999755859375,1382.0999755859375,1388.800048828125,3063575
2025-08-29 04:45:00+00:00,1387.9000244140625,1389.4000244140625,1384.0,1384.300048828125,1051830
2025-08-29 05:45:00+00:00,1388.0,1388.800048828125,1385.0,1387.9000244140625,704713
2025-08-29 06:45:00+00:00,1384.699951171875,1388.300048828125,1384.0999755859375,1388.0999755859375,865134
2025-08-29 07:45:00+00:00,1388.0,1389.0,1384.4000244140625,1384.699951171875,1895814
2025-08-29 08:45:00+00:00,1356.5999755859375,1402.800048828125,1350.4000244140625,1388.0,8857172
2025-08-29 09:45:00+00:00,1355.0,1359.0,1350.0,1357.199951171875,2308705
2025-09-01 03:45:00+00:00,1351.300048828125,1356.0,1341.199951171875,1356.0,0
2025-09-01 04:45:00+00:00,1352.5999755859375,1353.800048828125,1350.800048828125,1351.4000244140625,1324140
2025-09-01 05:45:00+00:00,1353.0,1353.5,1348.5999755859375,1352.699951171875,1116551
2025-09-01 06:45:00+00:00,1356.9000244140625,1359.0,1351.9000244140625,1353.0,1550527
2025-09-01 07:45:00+00:00,1360.0999755859375,1363.199951171875,1356.0,1356.9000244140625,1463023
2025-09-01 08:45:00+00:00,1353.0999755859375,1360.300048828125,1352.699951171875,1360.0999755859375,1795089
2025-09-01 09:45:00+00:00,1355.0,1355.5,1352.5,1353.300048828125,989013
2025-09-02 03:45:00+00:00,1379.199951171875,1384.5,1359.9000244140625,1359.9000244140625,0
2025-09-02 04:45:00+00:00,1382.5999755859375,1384.0,1375.699951171875,1379.199951171875,1421024
2025-09-02 05:45:00+00:00,1376.699951171875,1384.300048828125,1376.199951171875,1382.5999755859375,1402016
2025-09-02 06:45:00+00:00,1376.4000244140625,1380.0,1375.0,1376.800048828125,1314146
2025-09-02 07:45:00+00:00,1365.0,1377.300048828125,1363.699951171875,1376.4000244140625,1636803
2025-09-02 08:45:00+00:00,1366.699951171875,1370.199951171875,1363.5,1365.0,1812942
2025-09-02 09:45:00+00:00,1366.5,1367.800048828125,1365.0999755859375,1366.800048828125,550840
2025-09-03 03:45:00+00:00,1368.699951171875,1370.4000244140625,1361.0,1370.4000244140625,0
2025-09-03 04:45:00+00:00,1367.4000244140625,1369.199951171875,1364.5,1368.699951171875,803774
2025-09-03 05:45:00+00:00,1373.5999755859375,1373.800048828125,1366.0,1367.9000244140625,957410
2025-09-03 06:45:00+00:00,1368.0,1374.5,1366.800048828125,1373.199951171875,1021786
2025-09-03 07:45:00+00:00,1369.0,1369.9000244140625,1366.0999755859375,1368.0,1208684
2025-09-03 08:45:00+00:00,1374.5,1376.300048828125,1367.300048828125,1368.699951171875,1501618
2025-09-03 09:45:00+00:00,1372.0,1374.5999755859375,1371.0,1374.5,614470
2025-09-04 03:45:00+00:00,1365.199951171875,1373.5999755859375,1363.0999755859375,1370.0,2858335
2025-09-04 04:45:00+00:00,1362.4000244140625,1365.9000244140625,1360.300048828125,1365.0999755859375,1490212
2025-09-04 05:45:00+00:00,1366.300048828125,1367.0999755859375,1361.5999755859375,1362.4000244140625,2256683
2025-09-04 06:45:00+00:00,1364.5,1366.300048828125,1362.9000244140625,1365.9000244140625,1622914
2025-09-04 07:45:00+00:00,1361.5999755859375,1365.300048828125,1360.5,1364.5,1352623
2025-09-04 08:45:00+00:00,1358.300048828125,1365.0,1357.800048828125,1361.5999755859375,2872581
2025-09-04 09:45:00+00:00,1359.199951171875,1360.0,1357.0999755859375,1358.300048828125,766952
2025-09-05 03:45:00+00:00,1364.4000244140625,1372.5999755859375,1363.0999755859375,1363.9000244140625,974992
2025-09-05 04:45:00+00:00,1365.5999755859375,1369.0,1359.4000244140625,1364.4000244140625,796090
2025-09-05 05:45:00+00:00,1367.0999755859375,1368.9000244140625,1364.0,1365.5,756146
2025-09-05 06:45:00+00:00,1370.699951171875,1371.199951171875,1363.0999755859375,1367.0,552299
2025-09-05 07:45:00+00:00,1374.699951171875,1380.9000244140625,1370.699951171875,1370.699951171875,962898
2025-09-05 08:45:00+00:00,1375.699951171875,1376.5999755859375,1371.699951171875,1374.5999755859375,1308351
2025-09-05 09:45:00+00:00,1376.0,1376.0999755859375,1373.5,1375.800048828125,425552
2025-09-08 03:45:00+00:00,1376.0,1381.4000244140625,1373.5999755859375,1379.9000244140625,0
2025-09-08 04:45:00+00:00,1376.300048828125,1377.300048828125,1372.4000244140625,1376.0999755859375,733778
2025-09-08 05:45:00+00:00,1378.0,1378.0,1375.0,1376.0999755859375,444949
2025-09-08 06:45:00+00:00,1384.0,1386.0,1376.699951171875,1378.0999755859375,1035574
2025-09-08 07:45:00+00:00,1383.800048828125,1384.5,1381.5,1383.9000244140625,872808
2025-09-08 08:45:00+00:00,1378.300048828125,1385.9000244140625,1376.5,1383.9000244140625,1818852
2025-09-08 09:45:00+00:00,1378.5,1380.0,1377.0,1378.4000244140625,0
2025-09-09 03:45:00+00:00,1373.9000244140625,1381.0,1373.5999755859375,1377.0999755859375,1309535
2025-09-09 04:45:00+00:00,1373.800048828125,1375.5,1371.0,1373.9000244140625,961409
2025-09-09 05:45:00+00:00,1372.800048828125,1374.800048828125,1368.699951171875,1373.800048828125,1078109
2025-09-09 06:45:00+00:00,1377.5,1378.9000244140625,1371.0999755859375,1372.9000244140625,1544436
2025-09-09 07:45:00+00:00,1377.4000244140625,1379.0,1375.800048828125,1377.699951171875,920157
2025-09-09 08:45:00+00:00,1376.4000244140625,1378.0,1373.0999755859375,1377.5,2853834
2025-09-09 09:45:00+00:00,1376.9000244140625,1377.800048828125,1375.0,1376.4000244140625,1085548
2025-09-10 03:45:00+00:00,1383.0999755859375,1388.5,1378.0999755859375,1380.300048828125,2007522
2025-09-10 04:45:00+00:00,1381.5,1384.0,1378.699951171875,1383.300048828125,921561
2025-09-10 05:45:00+00:00,1382.5999755859375,1383.0,1378.800048828125,1381.300048828125,848247
2025-09-10 06:45:00+00:00,1380.0,1382.800048828125,1379.5999755859375,1382.699951171875,781869
2025-09-10 07:45:00+00:00,1380.0999755859375,1381.699951171875,1379.0999755859375,1380.0999755859375,557765
2025-09-10 08:45:00+00:00,1376.800048828125,1380.0999755859375,1374.300048828125,1380.0999755859375,1818088
2025-09-10 09:45:00+00:00,1377.0,1377.9000244140625,1376.4000244140625,1376.800048828125,854213
2025-09-11 03:45:00+00:00,1381.0,1383.0,1375.4000244140625,1376.300048828125,0
2025-09-11 04:45:00+00:00,1384.4000244140625,1385.300048828125,1380.9000244140625,1380.9000244140625,883838
2025-09-11 05:45:00+00:00,1382.9000244140625,1384.9000244140625,1382.0,1384.300048828125,722600
2025-09-11 06:45:00+00:00,1384.0,1385.300048828125,1381.0999755859375,1382.5,992941
2025-09-11 07:45:00+00:00,1380.300048828125,1385.0,1380.0999755859375,1384.0,1420396
2025-09-11 08:45:00+00:00,1382.4000244140625,1385.0999755859375,1379.0,1380.300048828125,3843701
2025-09-11 09:45:00+00:00,1383.300048828125,1384.4000244140625,1381.9000244140625,1382.9000244140625,0
2025-09-12 03:45:00+00:00,1391.0999755859375,1393.0,1382.800048828125,1382.800048828125,1675201
2025-09-12 04:45:00+00:00,1394.0,1396.0,1389.4000244140625,1391.0999755859375,1119372
2025-09-12 05:45:00+00:00,1393.300048828125,1396.199951171875,1393.0999755859375,1394.0,845707
2025-09-12 06:45:00+00:00,1391.5999755859375,1395.9000244140625,1391.0,1393.199951171875,782760
2025-09-12 07:45:00+00:00,1395.199951171875,1395.300048828125,1391.0,1391.699951171875,912026
2025-09-12 08:45:00+00:00,1395.4000244140625,1395.800048828125,1393.300048828125,1395.0,1503218
2025-09-12 09:45:00+00:00,1395.0,1395.5999755859375,1394.0,1395.199951171875,563816
2025-09-15 03:45:00+00:00,1392.0,1396.699951171875,1391.0,1394.0,0
2025-09-15 04:45:00+00:00,1391.9000244140625,1392.800048828125,1388.699951171875,1392.0,514860
2025-09-15 05:45:00+00:00,1394.9000244140625,1396.4000244140625,1391.5999755859375,1392.0,553554
2025-09-15 06:45:00+00:00,1396.0999755859375,1396.800048828125,1393.5999755859375,1395.0,512536
2025-09-15 07:45:00+00:00,1397.300048828125,1399.800048828125,1393.4000244140625,1396.199951171875,1122995
2025-09-15 08:45:00+00:00,1399.9000244140625,1400.699951171875,1394.0999755859375,1397.300048828125,1310420
2025-09-15 09:45:00+00:00,1399.300048828125,1399.9000244140625,1398.0999755859375,1399.9000244140625,0
2025-09-16 03:45:00+00:00,1403.199951171875,1405.699951171875,1400.5,1401.699951171875,1438093
2025-09-16 04:45:00+00:00,1406.199951171875,1408.0,1403.0999755859375,1403.300048828125,866538
2025-09-16 05:45:00+00:00,1401.300048828125,1407.699951171875,1401.0999755859375,1406.199951171875,1059336
2025-09-16 06:45:00+00:00,1400.800048828125,1403.800048828125,1400.0,1401.199951171875,601133
2025-09-16 07:45:00+00:00,1400.0,1401.5,1399.199951171875,1400.9000244140625,471860
2025-09-16 08:45:00+00:00,1404.9000244140625,1406.9000244140625,1399.5,1400.0999755859375,3298253
2025-09-16 09:45:00+00:00,1405.300048828125,1406.0,1405.300048828125,1405.800048828125,0
2025-09-17 03:45:00+00:00,1410.0,1412.5,1407.199951171875,1407.9000244140625,1435219
2025-09-17 04:45:00+00:00,1411.699951171875,1412.300048828125,1409.0,1409.9000244140625,824543
2025-09-17 05:45:00+00:00,1411.0999755859375,1413.5,1409.5,1411.699951171875,609146
2025-09-17 06:45:00+00:00,1412.5,1413.0,1409.300048828125,1411.0,1124428
2025-09-17 07:45:00+00:00,1413.800048828125,1416.199951171875,1412.0,1412.300048828125,1339392
2025-09-17 08:45:00+00:00,1413.800048828125,1415.800048828125,1410.300048828125,1413.800048828125,1693190
2025-09-17 09:45:00+00:00,1413.4000244140625,1414.5,1412.0999755859375,1413.9000244140625,491665
2025-09-18 03:45:00+00:00,1418.0,1421.300048828125,1415.199951171875,1420.300048828125,0
2025-09-18 04:45:00+00:00,1415.0999755859375,1418.0,1414.0,1417.9000244140625,942379
2025-09-18 05:45:00+00:00,1414.800048828125,1417.0,1413.300048828125,1415.300048828125,988779
2025-09-18 06:45:00+00:00,1412.300048828125,1416.0,1410.699951171875,1415.300048828125,1402492
2025-09-18 07:45:00+00:00,1414.4000244140625,1416.9000244140625,1412.199951171875,1412.5999755859375,1223287
2025-09-18 08:45:00+00:00,1414.5,1416.0,1411.0,1414.5,2195136
2025-09-18 09:45:00+00:00,1415.0,1416.9000244140625,1413.199951171875,1414.5,771074
2025-09-19 03:45:00+00:00,1405.800048828125,1416.5,1403.5999755859375,1415.699951171875,0
2025-09-19 04:45:00+00:00,1405.300048828125,1406.800048828125,1404.0,1406.0,670857
2025-09-19 05:45:00+00:00,1408.0,1409.0999755859375,1405.0,1405.199951171875,761939
2025-09-19 06:45:00+00:00,1412.699951171875,1413.5,1408.0,1408.0999755859375,1033992
2025-09-19 07:45:00+00:00,1412.5999755859375,1414.5,1410.5999755859375,1412.800048828125,960880
2025-09-19 08:45:00+00:00,1406.300048828125,1414.5,1406.0,1412.5999755859375,4825079
2025-09-19 09:45:00+00:00,1409.4000244140625,1410.199951171875,1406.199951171875,1406.300048828125,3580152
2025-09-22 03:45:00+00:00,1409.0,1410.300048828125,1402.0,1403.800048828125,0
2025-09-22 04:45:00+00:00,1404.699951171875,1408.9000244140625,1404.0,1408.699951171875,471782
2025-09-22 05:45:00+00:00,1404.199951171875,1406.9000244140625,1402.5,1404.800048828125,1266278
2025-09-22 06:45:00+00:00,1407.300048828125,1407.9000244140625,1403.699951171875,1404.0999755859375,818956
2025-09-22 07:45:00+00:00,1403.5,1407.5999755859375,1402.5,1407.4000244140625,1445934
2025-09-22 08:45:00+00:00,1390.199951171875,1404.0,1388.0999755859375,1403.5999755859375,2117920
2025-09-22 09:45:00+00:00,1390.9000244140625,1391.0,1389.0,1390.300048828125,527389
2025-09-23 03:45:00+00:00,1383.5,1393.0,1382.0,1391.0999755859375,0
2025-09-23 04:45:00+00:00,1382.9000244140625,1386.0,1380.0,1383.5,1434333
2025-09-23 05:45:00+00:00,1382.5999755859375,1383.0,1376.800048828125,1382.800048828125,1354498
2025-09-23 06:45:00+00:00,1385.0,1388.4000244140625,1380.300048828125,1382.800048828125,1736742
2025-09-23 07:45:00+00:00,1392.199951171875,1395.0,1384.800048828125,1385.0,1525258
2025-09-23 08:45:00+00:00,1389.5,1394.0999755859375,1388.5,1392.0999755859375,4793028
2025-09-23 09:45:00+00:00,1390.5999755859375,1390.9000244140625,1388.9000244140625,1389.5999755859375,1238216
2025-09-24 03:45:00+00:00,1386.0999755859375,1388.0,1383.4000244140625,1386.5,0
2025-09-24 04:45:00+00:00,1387.300048828125,1388.0999755859375,1385.0999755859375,1386.199951171875,429669
2025-09-24 05:45:00+00:00,1395.0,1396.0,1387.0,1387.0999755859375,519617
2025-09-24 06:45:00+00:00,1393.699951171875,1395.0999755859375,1391.699951171875,1395.0999755859375,565989
2025-09-24 07:45:00+00:00,1388.300048828125,1394.300048828125,1388.0,1394.199951171875,844632
2025-09-24 08:45:00+00:00,1382.0999755859375,1390.199951171875,1381.0,1388.300048828125,2031894
2025-09-24 09:45:00+00:00,1383.0,1383.0,1380.5,1382.199951171875,739648
2025-09-25 03:45:00+00:00,1377.199951171875,1384.5,1375.0,1381.4000244140625,0
2025-09-25 04:45:00+00:00,1377.5,1379.699951171875,1374.0,1377.5999755859375,842896
2025-09-25 05:45:00+00:00,1374.9000244140625,1379.699951171875,1373.0,1377.5,1103009
2025-09-25 06:45:00+00:00,1376.0999755859375,1379.0999755859375,1374.199951171875,1374.5999755859375,1948527
2025-09-25 07:45:00+00:00,1375.0999755859375,1379.300048828125,1374.5,1375.5,1850951
2025-09-25 08:45:00+00:00,1372.300048828125,1376.199951171875,1369.0,1375.0,3247117
2025-09-25 09:45:00+00:00,1374.800048828125,1375.0,1372.4000244140625,1372.4000244140625,1289501
2025-09-26 03:45:00+00:00,1368.5999755859375,1372.0999755859375,1366.0,1372.0,0
2025-09-26 04:45:00+00:00,1375.199951171875,1376.0,1367.699951171875,1368.5999755859375,1150784
2025-09-26 05:45:00+00:00,1378.800048828125,1381.300048828125,1374.5,1375.199951171875,1820105
2025-09-26 06:45:00+00:00,1379.5999755859375,1381.800048828125,1377.0999755859375,1379.0,1191556
2025-09-26 07:45:00+00:00,1376.699951171875,1382.5,1373.0,1380.300048828125,1762215
2025-09-26 08:45:00+00:00,1375.800048828125,1378.199951171875,1373.800048828125,1376.800048828125,2040416
2025-09-26 09:45:00+00:00,1379.0,1380.0999755859375,1375.4000244140625,1375.800048828125,832130
2025-09-29 03:45:00+00:00,1384.5,1386.9000244140625,1380.0999755859375,1381.9000244140625,0
2025-09-29 04:45:00+00:00,1387.5999755859375,1388.0,1381.199951171875,1384.4000244140625,837226
2025-09-29 05:45:00+00:00,1378.199951171875,1387.800048828125,1375.0999755859375,1387.199951171875,1087857
2025-09-29 06:45:00+00:00,1375.0,1381.0,1371.5,1378.0999755859375,2375715
2025-09-29 07:45:00+00:00,1375.199951171875,1376.5999755859375,1370.9000244140625,1375.0,1894960
2025-09-29 08:45:00+00:00,1377.0999755859375,1377.5999755859375,1368.199951171875,1375.4000244140625,4822800
2025-09-29 09:45:00+00:00,1376.0,1377.0999755859375,1372.199951171875,1377.0999755859375,2230350
2025-09-30 03:45:00+00:00,1368.0999755859375,1375.300048828125,1365.0999755859375,1375.0,0
2025-09-30 04:45:00+00:00,1366.4000244140625,1369.0,1363.0999755859375,1368.0,913682
2025-09-30 05:45:00+00:00,1366.0999755859375,1369.199951171875,1364.300048828125,1366.4000244140625,951079
2025-09-30 06:45:00+00:00,1366.9000244140625,1369.300048828125,1365.0,1366.0999755859375,2079391
2025-09-30 07:45:00+00:00,1368.0999755859375,1369.199951171875,1365.0999755859375,1366.800048828125,2446536
2025-09-30 08:45:00+00:00,1363.5999755859375,1369.0,1363.199951171875,1367.699951171875,5063402
2025-09-30 09:45:00+00:00,1364.5,1364.5,1362.9000244140625,1363.699951171875,1392761
2025-10-01 03:45:00+00:00,1373.5,1378.5999755859375,1366.5,1366.800048828125,0
2025-10-01 04:45:00+00:00,1374.0999755859375,1375.0,1370.4000244140625,1373.699951171875,1439193
2025-10-01 05:45:00+00:00,1375.0,1376.5999755859375,1371.9000244140625,1374.199951171875,911634
2025-10-01 06:45:00+00:00,1367.0,1374.699951171875,1366.199951171875,1374.5999755859375,1510609
2025-10-01 07:45:00+00:00,1364.0999755859375,1367.4000244140625,1362.9000244140625,1367.0999755859375,2076029
2025-10-01 08:45:00+00:00,1368.800048828125,1369.9000244140625,1362.699951171875,1364.199951171875,3030042
2025-10-01 09:45:00+00:00,1369.5,1371.0,1368.0999755859375,1369.0,824354
2025-10-03 03:45:00+00:00,1362.800048828125,1370.699951171875,1360.9000244140625,1366.699951171875,0
2025-10-03 04:45:00+00:00,1359.0,1365.0,1358.199951171875,1362.5999755859375,1672546
2025-10-03 05:45:00+00:00,1362.5,1362.5,1358.5,1359.0,1492799
2025-10-03 06:45:00+00:00,1362.5,1362.699951171875,1357.0,1362.5,2051510
2025-10-03 07:45:00+00:00,1361.0,1364.0,1361.0,1362.5999755859375,1478604
2025-10-03 08:45:00+00:00,1362.699951171875,1364.199951171875,1360.0,1361.0,2608541
2025-10-03 09:45:00+00:00,1363.4000244140625,1363.800048828125,1362.5,1362.699951171875,1036897
2025-10-06 03:45:00+00:00,1365.9000244140625,1367.4000244140625,1359.699951171875,1362.699951171875,0
2025-10-06 04:45:00+00:00,1365.5999755859375,1366.699951171875,1363.800048828125,1365.699951171875,1834524
2025-10-06 05:45:00+00:00,1365.9000244140625,1370.4000244140625,1364.0999755859375,1365.5999755859375,1542578
2025-10-06 06:45:00+00:00,1372.9000244140625,1373.5,1364.0,1366.0,1164452
2025-10-06 07:45:00+00:00,1372.9000244140625,1377.4000244140625,1371.699951171875,1372.699951171875,1723736
2025-10-06 08:45:00+00:00,1374.4000244140625,1376.9000244140625,1370.5999755859375,1372.9000244140625,1721970
2025-10-06 09:45:00+00:00,1374.699951171875,1375.5999755859375,1373.5,1374.5999755859375,561258
2025-10-07 03:45:00+00:00,1381.0999755859375,1383.4000244140625,1377.199951171875,1377.199951171875,363588
